song_id,valence,arousal,label
p600,0.65,0.4125,relax
d938,0.7875,0.4,relax
d1278,0.5125,0.3875,relax
d1461,0.5375,0.4,relax
d555,0.525,0.475,relax
d113,0.55,0.35,relax
d1799,0.6,0.4375,relax
d131,0.6375,0.4875,relax
d1862,0.5125,0.4875,relax
d1360,0.5625,0.2375,relax
d1478,0.5125,0.3125,relax
d243,0.775,0.3875,relax
p683,0.7375,0.2375,relax
d1631,0.5875,0.475,relax
d839,0.5875,0.425,relax
d1177,0.525,0.2875,relax
d1466,0.6375,0.4375,relax
p230,0.7375,0.3625,relax
d654,0.5125,0.425,relax
d1618,0.6375,0.3625,relax
d1531,0.5125,0.475,relax
p461,0.6375,0.375,relax
p953,0.55,0.3375,relax
d1687,0.5125,0.4625,relax
d328,0.525,0.4,relax
d936,0.55,0.4625,relax
d317,0.6375,0.4125,relax
d874,0.6625,0.425,relax
p310,0.675,0.4,relax
d1312,0.5375,0.375,relax
d1233,0.5625,0.475,relax
d1230,0.5375,0.3375,relax
p508,0.5375,0.3625,relax
d977,0.7875,0.3125,relax
d1765,0.6,0.45,relax
d1402,0.575,0.1875,relax
d1757,0.5,0.2625,relax
d1394,0.625,0.3875,relax
d1288,0.525,0.3,relax
d1257,0.5,0.35,relax
d939,0.65,0.2125,relax
d1516,0.575,0.4875,relax
d1440,0.5125,0.4875,relax
p706,0.6125,0.4,relax
d1585,0.5,0.3625,relax
d1415,0.5875,0.4625,relax
d1678,0.5125,0.4,relax
p810,0.65,0.4125,relax
d107,0.625,0.475,relax
d253,0.7,0.1875,relax
p809,0.65,0.1875,relax
d1047,0.5375,0.425,relax
d1927,0.575,0.45,relax
d71,0.6125,0.3375,relax
d1779,0.5875,0.2375,relax
d1021,0.65,0.475,relax
p921,0.5625,0.475,relax
d1538,0.6625,0.4625,relax
d1039,0.6625,0.45,relax
d1638,0.6125,0.3625,relax
d568,0.55,0.2625,relax
d1441,0.5,0.375,relax
d1465,0.525,0.3375,relax
d1445,0.5125,0.325,relax
d1285,0.5125,0.4875,relax
d1077,0.675,0.475,relax
d1437,0.5125,0.4375,relax
p979,0.5125,0.3625,relax
d87,0.5375,0.2,relax
d1602,0.5,0.3375,relax
p356,0.5625,0.475,relax
d1899,0.5,0.3875,relax
d423,0.525,0.4375,relax
d1891,0.5,0.3125,relax
d1826,0.5125,0.3375,relax
p174,0.534090909,0.477272727,relax
d1289,0.5,0.425,relax
d1758,0.55,0.25,relax
d1719,0.5,0.2875,relax
d1393,0.65,0.3875,relax
d1603,0.55,0.3625,relax
d1717,0.625,0.475,relax
d1681,0.5,0.3125,relax
p609,0.5125,0.4375,relax
p771,0.5625,0.425,relax
d1279,0.575,0.4,relax
d620,0.6,0.425,relax
d1355,0.6625,0.35,relax
d1086,0.6125,0.4125,relax
d1610,0.675,0.3875,relax
d161,0.6625,0.3125,relax
p587,0.6,0.3875,relax
d1591,0.6125,0.4625,relax
d19,0.6125,0.4125,relax
d62,0.65,0.3625,relax
d611,0.5125,0.475,relax
d1530,0.65,0.4,relax
d1208,0.65,0.45,relax
d1722,0.5,0.2625,relax
d782,0.775,0.4625,relax
p518,0.5125,0.425,relax
p905,0.575,0.475,relax
d726,0.75,0.325,relax
d631,0.825,0.2625,relax
d1139,0.5125,0.1875,relax
p869,0.5125,0.45,relax
p151,0.6125,0.325,relax
d1605,0.575,0.375,relax
d851,0.5,0.425,relax
d1632,0.525,0.3,relax
d537,0.5,0.2,relax
p411,0.6375,0.175,relax
d81,0.6375,0.3625,relax
d1316,0.525,0.375,relax
p931,0.5,0.4375,relax
d1730,0.5375,0.3625,relax
d1688,0.525,0.4625,relax
d293,0.6625,0.4,relax
d43,0.7125,0.3125,relax
d1798,0.5875,0.375,relax
d1541,0.525,0.45,relax
d456,0.6375,0.1625,relax
d908,0.5625,0.4875,relax
d1477,0.5125,0.4375,relax
d1446,0.6,0.275,relax
d24,0.5375,0.3625,relax
d691,0.5,0.3375,relax
d1329,0.5375,0.4,relax
d1470,0.5125,0.275,relax
d1037,0.5,0.425,relax
d748,0.5125,0.425,relax
d374,0.75,0.4875,relax
p235,0.7,0.45,relax
d1576,0.55,0.3625,relax
d1570,0.525,0.45,relax
p170,0.6,0.3,relax
p578,0.625,0.4625,relax
d1777,0.5375,0.425,relax
d986,0.6,0.4375,relax
d729,0.675,0.3125,relax
d1748,0.55,0.3875,relax
d1528,0.5625,0.45,relax
p415,0.522727273,0.477272727,relax
d1073,0.525,0.35,relax
p526,0.525,0.4625,relax
d1880,0.55,0.275,relax
d1133,0.5,0.175,relax
d1042,0.5,0.4125,relax
d536,0.5125,0.4375,relax
d300,0.725,0.4375,relax
d1537,0.6125,0.3,relax
d1442,0.5375,0.225,relax
d1836,0.575,0.45,relax
d1690,0.55,0.45,relax
p548,0.55,0.45,relax
d1229,0.525,0.4125,relax
d25,0.8625,0.4625,relax
d1997,0.5375,0.3625,relax
d1835,0.5375,0.275,relax
d1685,0.55,0.4375,relax
p354,0.5125,0.35,relax
d911,0.7625,0.375,relax
d92,0.6,0.4625,relax
p763,0.55,0.3875,relax
p35,0.625,0.3375,relax
d1793,0.5125,0.4,relax
p428,0.5625,0.4875,relax
d1331,0.5375,0.425,relax
d1791,0.5375,0.2875,relax
d1038,0.5,0.3875,relax
d1228,0.55,0.2875,relax
p486,0.575,0.375,relax
p715,0.525,0.325,relax
p181,0.625,0.4875,relax
d1883,0.575,0.4375,relax
d330,0.6125,0.2625,relax
d1327,0.5625,0.225,relax
p119,0.6625,0.4875,relax
d928,0.5,0.375,relax
d1637,0.5625,0.325,relax
p148,0.5,0.4,relax
d104,0.6375,0.2875,relax
p582,0.5,0.4125,relax
d1443,0.6,0.2375,relax
d973,0.6875,0.45,relax
d1614,0.7,0.45,relax
p918,0.6375,0.4,relax
d1749,0.7125,0.45,relax
d1746,0.5875,0.475,relax
d1578,0.6125,0.475,relax
d1759,0.55,0.4625,relax
d1676,0.575,0.4875,relax
d1003,0.5375,0.2875,relax
d380,0.575,0.475,relax
d1941,0.525,0.425,relax
d46,0.5375,0.375,relax
d1714,0.6375,0.375,relax
d1773,0.55,0.3875,relax
p433,0.5,0.3625,relax
d1606,0.575,0.4875,relax
d1185,0.65,0.475,relax
p879,0.6375,0.4875,relax
d462,0.6,0.45,relax
d358,0.575,0.4,relax
d1854,0.525,0.4375,relax
d1546,0.5375,0.425,relax
d845,0.5125,0.375,relax
d1363,0.5125,0.325,relax
p358,0.6875,0.3875,relax
d987,0.6625,0.325,relax
d1740,0.5375,0.4125,relax
d904,0.5875,0.4,relax
d260,0.5375,0.325,relax
d1711,0.5,0.275,relax
p28,0.575,0.4875,relax
p40,0.6625,0.375,relax
d1577,0.525,0.4625,relax
d122,0.5625,0.45,relax
d1898,0.5125,0.4,relax
d1523,0.7375,0.475,relax
d1683,0.625,0.475,relax
d1374,0.625,0.3875,relax
d1281,0.55,0.4375,relax
d1410,0.625,0.425,relax
d702,0.8125,0.2875,relax
d1772,0.575,0.4125,relax
d1081,0.5,0.3125,relax
p325,0.6125,0.4875,relax
d962,0.8,0.3,relax
d406,0.5375,0.4125,relax
d1427,0.5,0.4875,relax
d1387,0.6375,0.4375,relax
d650,0.625,0.4,relax
p299,0.65,0.25,relax
d980,0.6,0.4125,relax
d1642,0.5125,0.4875,relax
p1,0.575,0.4,relax
d1650,0.6125,0.4625,relax
d1816,0.5,0.4375,relax
d437,0.525,0.4125,relax
d1300,0.625,0.4375,relax
p544,0.625,0.45,relax
p225,0.525,0.4125,relax
d103,0.575,0.2875,relax
p463,0.5625,0.3,relax
d1383,0.575,0.25,relax
d59,0.5375,0.3875,relax
d1501,0.5,0.4875,relax
d1084,0.5125,0.3,relax
d1310,0.5125,0.425,relax
d1805,0.5875,0.4875,relax
d1116,0.5875,0.25,relax
d1554,0.6,0.4375,relax
d1503,0.6125,0.3875,relax
d1725,0.525,0.425,relax
p621,0.55,0.3625,relax
d1506,0.5,0.475,relax
p897,0.5625,0.3875,relax
d1211,0.5625,0.4625,relax
p767,0.5125,0.475,relax
d893,0.7875,0.2875,relax
d454,0.5,0.475,relax
d1579,0.6,0.4875,relax
p280,0.525,0.325,relax
p351,0.55,0.275,relax
d1454,0.525,0.325,relax
d902,0.75,0.2875,relax
d1524,0.575,0.425,relax
d1934,0.6,0.35,relax
d45,0.5125,0.1375,relax
p462,0.65,0.4125,relax
d1451,0.5125,0.475,relax
d1669,0.5625,0.4875,relax
d1268,0.5375,0.3375,relax
d1953,0.5125,0.425,relax
d1457,0.55,0.475,relax
d1615,0.5875,0.45,relax
d617,0.6875,0.25,relax
d352,0.5625,0.4375,relax
d1983,0.2375,0.3,sad
p506,0.375,0.275,sad
d340,0.35,0.45,sad
p175,0.45,0.475,sad
d565,0.2625,0.25,sad
d1995,0.4625,0.4625,sad
d1218,0.3625,0.3875,sad
d1202,0.3875,0.2125,sad
d1444,0.45,0.2625,sad
d225,0.3375,0.4,sad
d2,0.2625,0.25,sad
d1155,0.4,0.4125,sad
d1984,0.3375,0.2375,sad
d1482,0.4125,0.3,sad
d684,0.4125,0.4875,sad
d564,0.4625,0.4875,sad
p252,0.3625,0.1375,sad
p465,0.425,0.3375,sad
d1822,0.4625,0.3125,sad
d544,0.475,0.4375,sad
d1774,0.4875,0.475,sad
d1209,0.425,0.2125,sad
p659,0.375,0.3875,sad
d1939,0.425,0.275,sad
d1120,0.3,0.225,sad
d182,0.15,0.3375,sad
d148,0.4625,0.5,sad
d138,0.35,0.175,sad
d367,0.2625,0.2125,sad
d707,0.275,0.2625,sad
d353,0.375,0.475,sad
d1111,0.275,0.2375,sad
d1198,0.3125,0.1,sad
d51,0.325,0.275,sad
d1149,0.375,0.2,sad
p412,0.4375,0.5,sad
d195,0.4,0.2125,sad
d1179,0.3,0.3875,sad
d1014,0.4875,0.4375,sad
d1210,0.35,0.175,sad
d44,0.3625,0.4875,sad
d1226,0.3625,0.35,sad
d801,0.2875,0.3125,sad
d1017,0.3875,0.35,sad
d1850,0.3375,0.2125,sad
d1766,0.3375,0.25,sad
d341,0.35,0.425,sad
d1781,0.4,0.2125,sad
d78,0.3,0.3625,sad
d109,0.425,0.4375,sad
d1175,0.3375,0.3,sad
d1721,0.4,0.2375,sad
d1004,0.35,0.4625,sad
d582,0.2625,0.4875,sad
d1653,0.4125,0.2625,sad
d1183,0.3375,0.275,sad
p926,0.4875,0.25,sad
d203,0.3125,0.475,sad
d232,0.1875,0.2125,sad
d942,0.475,0.3875,sad
d791,0.2125,0.45,sad
d858,0.425,0.4375,sad
p389,0.3625,0.225,sad
d1800,0.3,0.2,sad
d121,0.2625,0.3625,sad
p244,0.4125,0.2875,sad
d1456,0.4125,0.15,sad
d1002,0.4375,0.275,sad
d18,0.475,0.3625,sad
d1778,0.425,0.275,sad
p401,0.25,0.35,sad
d1811,0.45,0.4625,sad
d1494,0.4875,0.35,sad
p519,0.2625,0.35,sad
d1135,0.2625,0.2125,sad
d1886,0.3875,0.25,sad
p592,0.4125,0.4125,sad
d461,0.475,0.425,sad
d108,0.4375,0.4,sad
d1368,0.3,0.2875,sad
p688,0.4625,0.4625,sad
d1593,0.4625,0.3125,sad
d1974,0.3,0.4625,sad
d1498,0.475,0.35,sad
d31,0.4625,0.35,sad
d1937,0.4125,0.3625,sad
d173,0.45,0.15,sad
d1187,0.425,0.3875,sad
d1904,0.3875,0.3,sad
d1178,0.4875,0.4375,sad
d338,0.25,0.35,sad
d1841,0.45,0.2625,sad
d1261,0.35,0.2625,sad
d521,0.35,0.45,sad
d1539,0.425,0.4625,sad
p273,0.3625,0.3375,sad
d1382,0.475,0.4625,sad
d775,0.3375,0.425,sad
d560,0.2375,0.45,sad
d1505,0.4,0.4875,sad
d116,0.425,0.3625,sad
d1219,0.4125,0.15,sad
d501,0.1875,0.425,sad
p741,0.425,0.475,sad
d1213,0.2625,0.225,sad
d160,0.3125,0.3125,sad
p783,0.45,0.475,sad
p705,0.4375,0.1875,sad
d419,0.2875,0.375,sad
d361,0.19375,0.295,sad
p432,0.4,0.375,sad
d616,0.3125,0.5,sad
d1786,0.4,0.2625,sad
d1129,0.3125,0.175,sad
d1119,0.3,0.1375,sad
d1153,0.3625,0.1875,sad
d1101,0.3375,0.175,sad
p517,0.425,0.2625,sad
p512,0.425,0.3125,sad
p348,0.3,0.4625,sad
d1024,0.275,0.2375,sad
d205,0.25,0.4375,sad
d444,0.1625,0.1875,sad
d95,0.2875,0.45,sad
d1328,0.425,0.2125,sad
d1253,0.3875,0.25,sad
d1176,0.4875,0.2125,sad
d660,0.1375,0.225,sad
d1222,0.3875,0.275,sad
d58,0.2875,0.3,sad
d1359,0.325,0.3,sad
d242,0.3125,0.4625,sad
d892,0.3625,0.2375,sad
d1182,0.2125,0.15,sad
d614,0.4125,0.3375,sad
d1115,0.425,0.3625,sad
d99,0.4125,0.3875,sad
d98,0.4125,0.2125,sad
d745,0.4,0.075,sad
d1166,0.45,0.2875,sad
d451,0.4875,0.425,sad
p807,0.3625,0.3375,sad
d279,0.325,0.4625,sad
d1500,0.35,0.275,sad
d1347,0.45,0.375,sad
d652,0.275,0.4125,sad
d1708,0.4,0.325,sad
d1408,0.4,0.5,sad
d747,0.325,0.4875,sad
d525,0.4125,0.475,sad
p736,0.4125,0.4875,sad
d171,0.1375,0.325,sad
d1455,0.3875,0.4,sad
d119,0.4125,0.275,sad
d1449,0.45,0.3875,sad
d168,0.2875,0.3,sad
d1411,0.3625,0.2125,sad
d1105,0.35,0.3375,sad
d1001,0.425,0.35,sad
d229,0.475,0.475,sad
d120,0.35,0.5,sad
d221,0.4125,0.3,sad
d880,0.4875,0.35,sad
d1262,0.4375,0.475,sad
d1447,0.425,0.3875,sad
d1780,0.475,0.3125,sad
d1188,0.4625,0.2875,sad
d1150,0.3875,0.1625,sad
p689,0.35,0.425,sad
d1760,0.4125,0.3875,sad
d1825,0.475,0.4375,sad
d1132,0.45,0.3,sad
d667,0.4,0.4875,sad
d1607,0.4375,0.25,sad
d1536,0.475,0.3,sad
d1723,0.4125,0.3,sad
d90,0.4125,0.4,sad
d1067,0.375,0.3,sad
d359,0.1875,0.3375,sad
d1612,0.35,0.2625,sad
d1112,0.2625,0.1625,sad
d1753,0.275,0.3,sad
d663,0.2875,0.4125,sad
d1419,0.3375,0.1875,sad
d1483,0.3625,0.35,sad
d850,0.325,0.2625,sad
p267,0.35,0.275,sad
d1469,0.2625,0.275,sad
p649,0.3125,0.4375,sad
d1145,0.4625,0.175,sad
d1430,0.45,0.275,sad
d1819,0.3875,0.3875,sad
d841,0.4,0.4625,sad
d580,0.175,0.425,sad
d1104,0.4,0.425,sad
d1241,0.3875,0.3375,sad
d1189,0.475,0.275,sad
p429,0.4,0.225,sad
d995,0.4625,0.175,sad
d1114,0.3,0.2875,sad
d1775,0.45,0.25,sad
p523,0.3375,0.3375,sad
d492,0.425,0.475,sad
d800,0.4375,0.4375,sad
d236,0.1875,0.175,sad
d450,0.3875,0.5,sad
d124,0.3375,0.225,sad
d1790,0.35,0.2875,sad
d1118,0.375,0.1125,sad
d207,0.475,0.475,sad
d1199,0.4375,0.3125,sad
p350,0.375,0.2625,sad
d1127,0.3,0.25,sad
d1935,0.4625,0.425,sad
d1488,0.4875,0.3625,sad
p700,0.475,0.35,sad
d1763,0.425,0.3125,sad
d1147,0.45,0.325,sad
d656,0.2,0.3875,sad
d164,0.3875,0.2375,sad
d1036,0.475,0.25,sad
d1191,0.425,0.2,sad
d1171,0.325,0.1125,sad
d1380,0.3875,0.4375,sad
d170,0.25,0.5,sad
d1671,0.4,0.2875,sad
d685,0.4375,0.325,sad
p479,0.3875,0.225,sad
d1462,0.475,0.3625,sad
p349,0.3375,0.275,sad
d1467,0.375,0.4,sad
d220,0.3875,0.3,sad
p634,0.2375,0.225,sad
d297,0.2625,0.325,sad
d184,0.325,0.3,sad
d422,0.225,0.3375,sad
d1154,0.3625,0.425,sad
d1852,0.3875,0.4625,sad
p894,0.375,0.375,sad
d248,0.3,0.3375,sad
d1706,0.4875,0.375,sad
p789,0.125,0.35,sad
d638,0.275,0.425,sad
p63,0.4625,0.375,sad
d1242,0.4625,0.4125,sad
d1829,0.475,0.325,sad
d1599,0.325,0.3875,sad
d101,0.3,0.225,sad
d1246,0.4375,0.2625,sad
d932,0.4375,0.4875,sad
d392,0.3,0.475,sad
d250,0.3,0.325,sad
d1952,0.3875,0.425,sad
d133,0.225,0.15,sad
d625,0.2625,0.425,sad
p437,0.375,0.1875,sad
d1776,0.475,0.35,sad
d149,0.3,0.2625,sad
d1487,0.4125,0.175,sad
p852,0.45,0.4875,sad
d513,0.2625,0.4,sad
d869,0.2,0.3875,sad
d1341,0.3125,0.275,sad
d198,0.1125,0.2875,sad
d1654,0.475,0.2625,sad
d1301,0.425,0.225,sad
d1023,0.2375,0.1625,sad
d269,0.4125,0.475,sad
d1565,0.45,0.4875,sad
d1741,0.2875,0.3125,sad
d1192,0.3375,0.2375,sad
d167,0.2125,0.2875,sad
d1406,0.3625,0.3375,sad
d515,0.35,0.3,sad
p56,0.275,0.4125,sad
p670,0.425,0.35,sad
d1123,0.2625,0.2625,sad
d1663,0.45,0.4875,sad
d1656,0.4625,0.375,sad
d1863,0.675,0.5875,happy
d810,0.6875,0.7,happy
p449,0.7375,0.7,happy
d191,0.5125,0.6625,happy
d1309,0.6875,0.8,happy
d1367,0.7625,0.775,happy
d1544,0.675,0.55,happy
p147,0.65,0.55,happy
p145,0.75,0.7625,happy
d1260,0.775,0.6875,happy
p827,0.825,0.6,happy
p282,0.525,0.5375,happy
d503,0.6,0.675,happy
p915,0.575,0.6875,happy
d706,0.5625,0.625,happy
p860,0.6375,0.675,happy
d427,0.525,0.6,happy
d240,0.675,0.7,happy
p825,0.8375,0.5375,happy
d635,0.7,0.825,happy
d941,0.775,0.6125,happy
p1000,0.575,0.6625,happy
p138,0.5875,0.6625,happy
d1755,0.675,0.5875,happy
d311,0.6,0.7375,happy
d1821,0.65,0.7,happy
d403,0.5125,0.525,happy
p142,0.625,0.6,happy
p846,0.5375,0.925,happy
p382,0.8636363640000001,0.8863636359999999,happy
p888,0.675,0.675,happy
d274,0.8375,0.625,happy
d1700,0.575,0.5,happy
p657,0.5125,0.6,happy
p231,0.55,0.5375,happy
d732,0.575,0.6625,happy
d1677,0.725,0.675,happy
p907,0.5625,0.5,happy
p296,0.8,0.8125,happy
p588,0.775,0.7,happy
p739,0.6875,0.6875,happy
p314,0.65,0.5625,happy
d1061,0.6875,0.65,happy
d846,0.625,0.5625,happy
p900,0.5375,0.65,happy
p34,0.8375,0.6875,happy
p571,0.725,0.6625,happy
d275,0.5375,0.5625,happy
d321,0.7875,0.625,happy
d1307,0.5125,0.55,happy
d944,0.7625,0.6875,happy
p455,0.7375,0.875,happy
d1000,0.725,0.575,happy
d189,0.6875,0.7625,happy
p734,0.825,0.8375,happy
p15,0.6625,0.6125,happy
p791,0.7125,0.7875,happy
p26,0.7625,0.825,happy
d42,0.6375,0.5125,happy
d1159,0.6,0.625,happy
d1298,0.7375,0.575,happy
p301,0.7875,0.825,happy
p678,0.8625,0.7875,happy
p468,0.7875,0.7625,happy
p607,0.6375,0.7125,happy
d1303,0.6375,0.6875,happy
d961,0.575,0.5625,happy
d1232,0.7375,0.6625,happy
d464,0.5125,0.575,happy
d72,0.7125,0.575,happy
p78,0.659090909,0.5,happy
d1326,0.6375,0.5,happy
d467,0.5875,0.725,happy
d1792,0.6375,0.5125,happy
p958,0.8625,0.825,happy
p617,0.8125,0.8875,happy
d1956,0.55,0.6125,happy
p141,0.65,0.5375,happy
d1987,0.6875,0.6625,happy
p425,0.8125,0.95,happy
p201,0.6875,0.625,happy
d856,0.7125,0.575,happy
d814,0.6375,0.5375,happy
p837,0.725,0.7375,happy
d1806,0.6875,0.65,happy
p881,0.6,0.5875,happy
d1292,0.575,0.525,happy
d1580,0.6375,0.525,happy
d910,0.75,0.7,happy
p536,0.825,0.7875,happy
p829,0.8125,0.8,happy
p645,0.6125,0.6,happy
p73,0.6875,0.5375,happy
d1256,0.5875,0.5625,happy
d675,0.5125,0.6,happy
d739,0.65,0.7375,happy
p375,0.775,0.7375,happy
d1988,0.5625,0.6,happy
d1343,0.625,0.55,happy
p889,0.75,0.8375,happy
d455,0.55,0.5875,happy
p501,0.8125,0.8375,happy
p391,0.6,0.85,happy
d1699,0.5125,0.5,happy
p361,0.55,0.6125,happy
d345,0.775,0.6875,happy
d989,0.6625,0.675,happy
d863,0.675,0.75,happy
d1762,0.6375,0.55,happy
p499,0.825,0.8625,happy
p13,0.5875,0.825,happy
p884,0.7625,0.7125,happy
p327,0.7375,0.7625,happy
p577,0.575,0.6375,happy
d1572,0.5625,0.5,happy
d1652,0.775,0.6625,happy
d978,0.8375,0.6375,happy
d371,0.525,0.7,happy
d335,0.725,0.725,happy
d1050,0.625,0.6,happy
d1831,0.65,0.575,happy
p839,0.625,0.75,happy
d949,0.5875,0.6375,happy
d7,0.6,0.675,happy
p561,0.8875,0.825,happy
d1070,0.525,0.6,happy
p187,0.675,0.7,happy
d1609,0.675,0.6875,happy
d1266,0.575,0.5125,happy
d1339,0.775,0.725,happy
p65,0.75,0.5875,happy
p951,0.75,0.625,happy
d1509,0.6125,0.55,happy
d1459,0.55,0.5125,happy
d254,0.5375,0.8,happy
d1901,0.525,0.675,happy
d1072,0.6625,0.5625,happy
p616,0.7875,0.8625,happy
p75,0.7375,0.9625,happy
d577,0.575,0.5625,happy
d1330,0.5875,0.775,happy
d1620,0.6625,0.5875,happy
p146,0.7375,0.6625,happy
d1940,0.5125,0.575,happy
p300,0.7625,0.55,happy
p102,0.825,0.7375,happy
d695,0.6125,0.65,happy
d1970,0.6125,0.7625,happy
d1065,0.625,0.675,happy
d39,0.7875,0.55,happy
d1308,0.6,0.5375,happy
p326,0.7,0.6875,happy
d1665,0.575,0.5875,happy
p871,0.65,0.75,happy
d1351,0.6625,0.6125,happy
p66,0.7625,0.8625,happy
p127,0.825,0.8125,happy
d500,0.625,0.525,happy
d1649,0.6375,0.625,happy
p276,0.5125,0.65,happy
d156,0.675,0.7125,happy
d1348,0.6,0.6625,happy
d612,0.575,0.7,happy
d332,0.5625,0.7375,happy
p635,0.825,0.6375,happy
p70,0.525,0.575,happy
p648,0.7,0.6875,happy
p39,0.590909091,0.875,happy
d921,0.6125,0.6375,happy
p883,0.725,0.8625,happy
d1095,0.65,0.65,happy
p306,0.875,0.775,happy
d1076,0.625,0.5,happy
d1613,0.65,0.7,happy
d1522,0.525,0.5875,happy
p407,0.5625,0.7875,happy
p269,0.6375,0.5875,happy
d648,0.5125,0.725,happy
p599,0.55,0.55,happy
d1855,0.55,0.625,happy
d860,0.7,0.7125,happy
d1913,0.625,0.6875,happy
d1660,0.525,0.5625,happy
p210,0.725,0.8125,happy
p43,0.7875,0.8625,happy
d1533,0.525,0.5375,happy
d1743,0.725,0.6875,happy
d1630,0.625,0.55,happy
p192,0.5375,0.9375,happy
d1215,0.65,0.575,happy
p937,0.5875,0.6,happy
p850,0.6125,0.775,happy
d366,0.7375,0.6375,happy
p92,0.575,0.65,happy
p220,0.675,0.6875,happy
p776,0.5125,0.6375,happy
p575,0.7875,0.825,happy
d818,0.6125,0.725,happy
p834,0.8125,0.8875,happy
d1535,0.55,0.5375,happy
p574,0.775,0.7875,happy
d497,0.65,0.5875,happy
d769,0.65,0.5,happy
p774,0.75,0.6375,happy
p305,0.75,0.9375,happy
d1074,0.725,0.675,happy
d1713,0.65,0.5875,happy
p177,0.5375,0.55,happy
d1294,0.6125,0.5625,happy
d1325,0.6125,0.6,happy
d1844,0.6375,0.5625,happy
d1245,0.675,0.5375,happy
p710,0.775,0.7875,happy
d1517,0.625,0.5,happy
p403,0.8125,0.7625,happy
p560,0.5125,0.6625,happy
d1857,0.5375,0.5,happy
p855,0.775,0.875,happy
p999,0.775,0.875,happy
p747,0.775,0.8,happy
d1290,0.7,0.7,happy
d1849,0.625,0.6,happy
d931,0.6625,0.6875,happy
d1015,0.6125,0.6625,happy
p160,0.8125,0.825,happy
d1908,0.525,0.5125,happy
p341,0.8,0.85,happy
p650,0.5375,0.6375,happy
d653,0.5375,0.6875,happy
d404,0.7375,0.725,happy
p752,0.7875,0.8375,happy
p507,0.6625,0.8,happy
d1274,0.625,0.55,happy
p132,0.7125,0.85,happy
d1568,0.55,0.625,happy
d1124,0.55,0.5125,happy
d1378,0.5625,0.5875,happy
p307,0.575,0.9,happy
d484,0.675,0.6875,happy
p484,0.625,0.675,happy
d1657,0.575,0.5875,happy
d1513,0.6375,0.6625,happy
d988,0.55,0.6125,happy
p631,0.5625,0.55,happy
d692,0.7375,0.6375,happy
d1224,0.65,0.725,happy
p703,0.545454545,0.545454545,happy
d399,0.7125,0.75,happy
d873,0.725,0.75,happy
d1342,0.6875,0.675,happy
p329,0.7875,0.9375,happy
p51,0.7625,0.825,happy
d1574,0.6125,0.55,happy
d1716,0.6,0.55,happy
d1861,0.5125,0.5,happy
p124,0.8375,0.9,happy
p199,0.6875,0.7875,happy
d1589,0.6,0.6375,happy
d1221,0.55,0.5375,happy
p601,0.7,0.6875,happy
p456,0.525,0.7,happy
p755,0.625,0.5125,happy
p115,0.8,0.8,happy
d126,0.5125,0.6375,happy
d408,0.7,0.6375,happy
p711,0.675,0.525,happy
p682,0.6125,0.775,happy
p505,0.6125,0.65,happy
d302,0.7,0.75,happy
p424,0.65,0.55,happy
d581,0.5375,0.625,happy
p42,0.6,0.7625,happy
d1858,0.525,0.575,happy
d80,0.625,0.5125,happy
d88,0.7125,0.5625,happy
d1890,0.625,0.6,happy
d1879,0.55,0.675,happy
d270,0.6375,0.7625,happy
d1381,0.6375,0.7625,happy
d1069,0.4125,0.575,angry
d349,0.45,0.6,angry
p693,0.4,0.6,angry
p410,0.45,0.7,angry
d1946,0.375,0.625,angry
d1357,0.4375,0.625,angry
d1423,0.4,0.5625,angry
d35,0.475,0.6875,angry
d985,0.3625,0.6375,angry
d634,0.4625,0.6,angry
p399,0.45,0.6125,angry
d127,0.25,0.5375,angry
d644,0.4125,0.575,angry
p185,0.475,0.6625,angry
d1587,0.5,0.5625,angry
d658,0.425,0.5875,angry
d628,0.4875,0.725,angry
d436,0.4125,0.525,angry
d420,0.4375,0.55,angry
d137,0.4125,0.6,angry
d319,0.4375,0.7,angry
d368,0.475,0.6375,angry
p729,0.4,0.525,angry
d1999,0.45,0.55,angry
d17,0.425,0.625,angry
d288,0.3125,0.525,angry
p522,0.4625,0.5375,angry
d955,0.35,0.575,angry
d799,0.3875,0.575,angry
d212,0.45,0.55,angry
d1608,0.4375,0.75,angry
d1247,0.425,0.6625,angry
p503,0.488636364,0.613636364,angry
d60,0.4125,0.675,angry
d1561,0.5,0.625,angry
d150,0.5,0.55,angry
d1598,0.4125,0.5625,angry
d700,0.475,0.575,angry
p224,0.5,0.5875,angry
d1636,0.45,0.525,angry
p842,0.35,0.6,angry
d1991,0.5,0.625,angry
d298,0.375,0.55,angry
d342,0.375,0.5125,angry
d1616,0.475,0.5625,angry
d1993,0.3125,0.75,angry
d1480,0.475,0.5375,angry
d789,0.3625,0.525,angry
p500,0.425,0.7,angry
d1989,0.5,0.5875,angry
d1514,0.45,0.55,angry
d453,0.45,0.575,angry
p520,0.15,0.6625,angry
d347,0.3525,0.6025,angry
d284,0.425,0.525,angry
d1906,0.425,0.65,angry
d1958,0.475,0.5125,angry
d1964,0.325,0.7125,angry
d1435,0.325,0.5375,angry
d1519,0.5,0.575,angry
d1641,0.45,0.5375,angry
d758,0.475,0.6125,angry
p495,0.475,0.8375,angry
d49,0.3625,0.5375,angry
d779,0.225,0.5375,angry
d41,0.4125,0.5125,angry
d1235,0.4875,0.6,angry
d1479,0.5,0.5125,angry
d1276,0.475,0.5625,angry
d1928,0.3375,0.575,angry
p540,0.3875,0.5125,angry
d514,0.4125,0.6,angry
p673,0.2,0.5125,angry
p222,0.35,0.6625,angry
d91,0.4375,0.5625,angry
d1491,0.475,0.525,angry
p372,0.175,0.825,angry
d231,0.3875,0.575,angry
p445,0.4625,0.5875,angry
d1644,0.5,0.6125,angry
p228,0.425,0.55,angry
d529,0.4625,0.6,angry
d597,0.475,0.675,angry
d1911,0.4125,0.55,angry
d682,0.475,0.625,angry
d1788,0.325,0.625,angry
d1874,0.5,0.6625,angry
d1907,0.4875,0.6875,angry
d1921,0.425,0.6875,angry
d356,0.45,0.575,angry
p957,0.3375,0.525,angry
d763,0.3125,0.5625,angry
d807,0.475,0.6875,angry
d1320,0.35,0.6875,angry
d925,0.4875,0.5875,angry
d1048,0.5,0.7125,angry
d983,0.475,0.6625,angry
d208,0.475,0.6875,angry
d1057,0.4625,0.7625,angry
d647,0.25,0.6,angry
d527,0.375,0.5875,angry
d1510,0.3875,0.575,angry
d681,0.4875,0.7,angry
p989,0.3125,0.575,angry
d606,0.3875,0.575,angry
p796,0.375,0.6,angry
p237,0.3125,0.525,angry
d479,0.4375,0.5875,angry
p970,0.4875,0.7,angry
d1054,0.3375,0.6625,angry
p769,0.475,0.525,angry
d1296,0.5,0.6125,angry
p524,0.275,0.5125,angry
d1905,0.3375,0.6875,angry
d1053,0.4375,0.6625,angry
d1333,0.4375,0.5875,angry
d489,0.45,0.525,angry
p258,0.475,0.675,angry
p179,0.3125,0.7375,angry
d245,0.4,0.6375,angry
d1493,0.375,0.6375,angry
p583,0.5,0.5125,angry
d312,0.45,0.6,angry
d999,0.3875,0.6125,angry
d210,0.4,0.5625,angry
d308,0.4125,0.7,angry
d713,0.4875,0.6625,angry
p393,0.4625,0.5375,angry
d872,0.3,0.5625,angry
p757,0.375,0.6625,angry
d202,0.45,0.525,angry
d1969,0.3375,0.5875,angry
d1558,0.3,0.6125,angry
p494,0.4625,0.8,angry
d435,0.4375,0.6125,angry
d357,0.475,0.6875,angry
d891,0.3,0.5625,angry
d1948,0.375,0.7125,angry
d632,0.4,0.55,angry
d1571,0.425,0.7375,angry
d598,0.375,0.575,angry
d1058,0.375,0.6,angry
d1512,0.35,0.525,angry
d859,0.325,0.5125,angry
d157,0.375,0.65,angry
d386,0.5,0.5625,angry
p727,0.475,0.55,angry
d360,0.1875,0.5625,angry
d1270,0.45,0.5375,angry
p929,0.3375,0.6,angry
d623,0.35,0.6125,angry
d1771,0.4875,0.5375,angry
d1364,0.4125,0.65,angry
d441,0.45,0.5125,angry
d1975,0.4625,0.575,angry
p319,0.5,0.7375,angry
d1977,0.4625,0.525,angry
d1674,0.5,0.5375,angry
d1992,0.4875,0.725,angry
p32,0.3875,0.575,angry
d605,0.425,0.625,angry
p52,0.4625,0.5875,angry
d686,0.3,0.5625,angry
d797,0.4875,0.55,angry
p611,0.475,0.675,angry
d1227,0.4625,0.5875,angry
d1968,0.45,0.6475,angry
d1476,0.4375,0.5125,angry
d1881,0.5,0.525,angry
d1143,0.35,0.5125,angry
p589,0.4875,0.55,angry
d668,0.5,0.5375,angry
p983,0.5,0.775,angry
p959,0.45,0.8,angry
d323,0.4775,0.59125,angry
d1059,0.4625,0.8125,angry
p135,0.4,0.7375,angry
p677,0.3625,0.5625,angry
p779,0.4125,0.75,angry
d1273,0.475,0.575,angry
p962,0.2,0.6375,angry
d265,0.4375,0.675,angry
p594,0.4375,0.5125,angry
p31,0.4375,0.625,angry
d348,0.5,0.5875,angry
p532,0.3375,0.5375,angry
d1932,0.475,0.625,angry
d819,0.375,0.5875,angry
p321,0.4875,0.6875,angry
d520,0.375,0.5625,angry
p57,0.3625,0.525,angry
p940,0.5,0.625,angry
p6,0.35,0.5125,angry
d52,0.45,0.5125,angry
d285,0.3125,0.5125,angry
d1823,0.2125,0.575,angry
d926,0.375,0.5625,angry
d1919,0.4375,0.55,angry
d1305,0.4625,0.65,angry
p491,0.4375,0.575,angry
d915,0.5,0.525,angry
p213,0.3625,0.5625,angry
p935,0.386363636,0.511363636,angry
p966,0.45,0.575,angry
d1750,0.4625,0.5375,angry
p952,0.4875,0.525,angry
d1283,0.2875,0.525,angry
d1321,0.4375,0.5875,angry
d1694,0.4375,0.6375,angry
d362,0.375,0.6125,angry
d1960,0.4375,0.7125,angry
d550,0.4,0.6125,angry
d672,0.425,0.6625,angry
d1985,0.475,0.575,angry
d1967,0.4625,0.7375,angry
p676,0.475,0.55,angry
d1472,0.5,0.525,angry
d155,0.325,0.55,angry
p857,0.2125,0.675,angry
d1372,0.475,0.525,angry
d784,0.4625,0.5875,angry
d1949,0.15,0.5125,angry
p969,0.175,0.5125,angry
d1840,0.475,0.55,angry
d1588,0.4875,0.6,angry
d1254,0.4625,0.65,angry
d712,0.3,0.5375,angry
d1601,0.5,0.5375,angry
d1547,0.375,0.6,angry
d1590,0.4,0.65,angry
d344,0.45,0.525,angry
p367,0.3125,0.6125,angry
p780,0.4375,0.5125,angry
d607,0.425,0.6375,angry
d1556,0.4625,0.6375,angry
d857,0.4875,0.5375,angry
d1782,0.4625,0.525,angry
d1549,0.4875,0.525,angry
d180,0.475,0.6125,angry
d1151,0.5,0.575,angry
d979,0.2625,0.5625,angry
d376,0.5,0.6125,angry
d410,0.35,0.5125,angry
d697,0.475,0.6,angry
d1902,0.425,0.7875,angry
p434,0.3875,0.5125,angry
d463,0.5,0.5875,angry
d1223,0.45,0.575,angry
p786,0.45,0.725,angry
d1651,0.475,0.625,angry
d177,0.475,0.575,angry
d1562,0.475,0.6625,angry
p749,0.4875,0.525,angry
d129,0.4,0.625,angry
p671,0.4125,0.675,angry
p249,0.45,0.5375,angry
d496,0.4625,0.6125,angry
d487,0.4375,0.5375,angry
d1996,0.3625,0.6125,angry
d1959,0.4625,0.6,angry
p777,0.475,0.525,angry
d1334,0.35,0.85,angry
d152,0.425,0.575,angry
d1362,0.425,0.55,angry
p564,0.475,0.9,angry
d216,0.4375,0.5375,angry
d1055,0.3375,0.6625,angry
d313,0.325,0.5375,angry
d53,0.4125,0.5125,angry
p521,0.375,0.5125,angry
p55,0.4,0.625,angry
d833,0.5,0.6,angry
d781,0.4875,0.6625,angry
d645,0.45,0.5875,angry
d5,0.425,0.5375,angry
d1963,0.3625,0.5625,angry
d145,0.2625,0.55,angry
d114,0.475,0.5875,angry
d1337,0.5,0.6875,angry
